"0","# Calculate clip summary stats and add metadata"
"0","Merged_clips_sum <- Merged_clips %>%"
"0","  # Add metadata"
"0","  extract_metadata("
"0","    source_col = ""FrameName"","
"0","    structure = c(""colTreatment"", ""Genus"", ""species"", ""expTreatment"", ""TrialNum"", ""ClipNum"", ""ViewFrame""),"
"0","    keep = c(""ClipName"", ""fullClipName"", ""TrialName"", ""TrialNum"", ""colTreatment""),"
"0","    composite_vars = list("
"0","      fullClipName = c(""Genus"", ""species"", ""expTreatment"", ""TrialNum"", ""ClipNum"", ""colTreatment""),"
"0","      ClipName = c(""Genus"", ""species"", ""expTreatment"", ""TrialNum"", ""ClipNum""),"
"0","      TrialName = c(""Genus"", ""species"", ""expTreatment"", ""TrialNum"")"
"0","    ),"
"0","    insert_after = ""FrameName"""
"0","  ) %>%"
"0","  "
"0","  # Remove rows where TrialNum contains letters and print them"
"0","  {"
"0","    # Identify invalid rows (e.g., TrialNum == 4a)"
"0","    invalid_rows <- .[grepl(""[a-zA-Z]"", .$TrialNum), ]"
"0","    "
"0","    # Print them if any exist"
"0","    if (nrow(invalid_rows) > 0) {"
"0","      cat(""Removing rows with lettered TrialNum values:\n"")"
"0","      print(invalid_rows)"
"0","    }"
"0","    "
"0","    # Keep only valid rows"
"0","    . <- .[!grepl(""[a-zA-Z]"", .$TrialNum), ]"
"0","    "
"0","    ."
"0","  } %>%"
"0","  "
"0","  # Remove TrialNum column"
"0","  select(-TrialNum) %>%"
"0","  "
"0","  # Group and summarise"
"0","  group_by(ClipName, fullClipName, TrialName, colTreatment) %>%"
"0","  summarise("
"0","    across(where(is.numeric), list("
"0","      med = median,"
"0","      cv = ~ sd(.) / mean(.)"
"0","    ), .names = ""{.fn}_{.col}""),"
"0","    .groups = ""drop"""
"0","  )"
"2","Warning: Using an external vector in selections was deprecated in tidyselect 1.1.0.
Please use `all_of()` or `any_of()` instead.
# Was:
data %>% select(insert_after)

# Now:
data %>% select(all_of(insert_after))

See <https://tidyselect.r-lib.org/reference/faq-external-vector.html>."
"0","# Split and assign by colTreatment"
"0","split_clips <- Merged_clips_sum %>%"
"0","  group_by(colTreatment) %>%"
"0","  group_split(.keep = TRUE)"
"0",""
"0","treatment_names <- Merged_clips_sum %>%"
"0","  distinct(colTreatment) %>%"
"0","  pull(colTreatment)"
"0",""
"0","# Assign each split to global environment with desired names"
"0","purrr::walk2("
"0","  treatment_names,"
"0","  split_clips,"
"0","  ~ assign(paste0(.x, ""_Merged_clips_sum""), .y, envir = .GlobalEnv)"
"0",")"
